{
  "type": "linear",
  "intercept": 505.7780402760458,
  "coefficients": [
    9.653603874423725,
    -11.723508935195111,
    94.42005237373937,
    48.317245596412064
  ]
}